place_id,place_name,review_id,review_link,name,reviewer_id,reviewer_profile,rating,review_text,original_language,review_translated_text,translated_language,published_at,published_at_date,response_from_owner_text,response_from_owner_ago,response_from_owner_date,response_from_owner_translated_text,avatar_link,total_number_of_reviews_by_reviewer,total_number_of_photos_by_reviewer,is_local_guide,experience_details,review_photos,review_origin
ChIJPfWAJG8UuEcRU8EcUh2uTo0,Autohandel Akkol,Ci9DQUlRQUNvZENodHljRjlvT25aWVZqVlVORnBZWW5SWFJXZzFTbkZzV0RaRlNWRRAB,https://www.google.com/maps/reviews/data=!4m8!14m7!1m6!2m5!1sCi9DQUlRQUNvZENodHljRjlvT25aWVZqVlVORnBZWW5SWFJXZzFTbkZzV0RaRlNWRRAB!2m1!1s0x0:0x8d4eae1d521cc153!3m1!1s2@1:CAIQACodChtycF9oOnZYVjVUNFpYYnRXRWg1SnFsWDZFSVE%7C0dDIlQgbKN7%7C?hl=en-GB,Enes Likoglu,114830919271862244732,https://www.google.com/maps/contrib/114830919271862244732?hl=en-GB,5,Top service,en,,,a month ago,2025-12-10T09:24:43,,,,,https://lh3.googleusercontent.com/a/ACg8ocLSbtdeDbYwXlduF3WueUCCTPyk9dKR9xTvF-O0C02QKo96Nw=s1920,7,0,,[],[],google
ChIJPfWAJG8UuEcRU8EcUh2uTo0,Autohandel Akkol,ChdDSUhNMG9nS0VJQ0FnSUR4Zzl5TTZBRRAB,https://www.google.com/maps/reviews/data=!4m8!14m7!1m6!2m5!1sChdDSUhNMG9nS0VJQ0FnSUR4Zzl5TTZBRRAB!2m1!1s0x0:0x8d4eae1d521cc153!3m1!1s2@1:CIHM0ogKEICAgIDxg9yM6AE%7CCgsI0rempAYQwMudZA%7C?hl=en-GB,Juan Estevez,100672411251558384430,https://www.google.com/maps/contrib/100672411251558384430?hl=en-GB,4,"Nobody is Perfect.
(Therefore 4****)",en,,,2 years ago,2023-06-14T10:52:02,,,,,https://lh3.googleusercontent.com/a/ACg8ocLdGhzKBBGwkPWB8soHM0mWGxV5w4VW2y6uyM6UJE-GAWBm=s1920,62,120,1,[],[],google
ChIJPfWAJG8UuEcRU8EcUh2uTo0,Autohandel Akkol,ChdDSUhNMG9nS0VJQ0FnSUNva2VubXJ3RRAB,https://www.google.com/maps/reviews/data=!4m8!14m7!1m6!2m5!1sChdDSUhNMG9nS0VJQ0FnSUNva2VubXJ3RRAB!2m1!1s0x0:0x8d4eae1d521cc153!3m1!1s2@1:CIHM0ogKEICAgICokenmrwE%7CCgsIsIux4wUQkKnDTw%7C?hl=en-GB,Yasin Karacaoglu,104527394374819677981,https://www.google.com/maps/contrib/104527394374819677981?hl=en-GB,5,Super service,en,,,6 years ago,2019-02-19T18:06:40,,,,,https://lh3.googleusercontent.com/a-/ALV-UjUBrQfKJH4y48SLCIQ1L5EngWU23xU3j8fkMe05Rfn_Nv-ClrLk=s1920,11,1,,[],[],google
ChIJPfWAJG8UuEcRU8EcUh2uTo0,Autohandel Akkol,ChZDSUhNMG9nS0VJQ0FnSUMwMC1xSVVnEAE,https://www.google.com/maps/reviews/data=!4m8!14m7!1m6!2m5!1sChZDSUhNMG9nS0VJQ0FnSUMwMC1xSVVnEAE!2m1!1s0x0:0x8d4eae1d521cc153!3m1!1s2@1:CIHM0ogKEICAgIC00-qIUg%7CCgwIwuL27AUQsOKx1wM%7C?hl=en-GB,Brandon Verpoorte,103359493195370359751,https://www.google.com/maps/contrib/103359493195370359751?hl=en-GB,5,Top service,en,,,6 years ago,2019-10-09T10:06:58,,,,,https://lh3.googleusercontent.com/a-/ALV-UjXTbmyayMGTUlv2FXXQDvPntjYCl9oE_IJjmKRzQsht2WXu7JT_hw=s1920,81,56,1,[],[],google
ChIJPfWAJG8UuEcRU8EcUh2uTo0,Autohandel Akkol,ChZDSUhNMG9nS0VJQ0FnSURuejkyWUtREAE,https://www.google.com/maps/reviews/data=!4m8!14m7!1m6!2m5!1sChZDSUhNMG9nS0VJQ0FnSURuejkyWUtREAE!2m1!1s0x0:0x8d4eae1d521cc153!3m1!1s2@1:CIHM0ogKEICAgIDnz92YKQ%7CCgwIzv-kuAYQkNTp_QI%7C?hl=en-GB,Unlimited Occasions,111615161556383951212,https://www.google.com/maps/contrib/111615161556383951212?hl=en-GB,5,"Wij als autobedrijf doen al jaren zaken met reparatiebedrijf Akkol. De reden waarom wij voor Akkol reparatie bedrijf hebben gekozen is omdat ze veelzijdig zijn: Apk, Reparatie, onderhoud. Denk aan distributieriem vervangen tot aan complete motor vervanging. Ze denken graag met je mee. Ze hebben zeer schappelijke prijzen. Voor ons is Akkol de betere reparatie bedrijf in Enschede",nl,"As a car company, we've been doing business with Akkol for years. We chose Akkol because of their versatility: MOT (periodic vehicle safety inspection), repairs, and maintenance. From timing belt replacements to complete engine replacements, they're happy to help. Their prices are very reasonable. We consider Akkol the best repair company in Enschede.",en,a year ago,2024-10-11T15:10:06,,,,,https://lh3.googleusercontent.com/a/ACg8ocLJlO-tjC_2-tEPU5JA3GhJCVuDy_y59EVmLoCG9cX3Iuzw9g=s1920,1,0,,[],[],google
ChIJPfWAJG8UuEcRU8EcUh2uTo0,Autohandel Akkol,ChZDSUhNMG9nS0VJQ0FnSURaN1pYelhnEAE,https://www.google.com/maps/reviews/data=!4m8!14m7!1m6!2m5!1sChZDSUhNMG9nS0VJQ0FnSURaN1pYelhnEAE!2m1!1s0x0:0x8d4eae1d521cc153!3m1!1s2@1:CIHM0ogKEICAgIDZ7ZXzXg%7CCgwIht-AqQYQ4OfJqQE%7C?hl=en-GB,Alex E,100100714768501137830,https://www.google.com/maps/contrib/100100714768501137830?hl=en-GB,5,"Vakmensen !
Had mijn polo 1.2tsi kapot , ketting moest vervangen worden en olie/oliefilter etc..
Ik kon er binnen 4 dagen terecht en 24 uur later auto ophalen tiptop.
En dat vergeleken met de dealer voor een zeer schappelijk prijs!
Aanrader!",nl,"Professionals!
My Polo 1.2 TSI broke down; it needed a chain replacement, as well as an oil/oil filter.
I was able to get in within four days and pick up the car 24 hours later, in perfect condition.
And compared to the dealership, they did it for a very reasonable price!
Highly recommended!",en,2 years ago,2023-10-06T16:02:14,,,,,https://lh3.googleusercontent.com/a/ACg8ocJqQFsD7OKBLkp9w6SdWv3ahryq0jjIwIknm8lQzsng-ePXDw=s1920,4,0,,[],[],google
ChIJPfWAJG8UuEcRU8EcUh2uTo0,Autohandel Akkol,ChZDSUhNMG9nS0VJQ0FnSUR5b09lV01BEAE,https://www.google.com/maps/reviews/data=!4m8!14m7!1m6!2m5!1sChZDSUhNMG9nS0VJQ0FnSUR5b09lV01BEAE!2m1!1s0x0:0x8d4eae1d521cc153!3m1!1s2@1:CIHM0ogKEICAgIDyoOeWMA%7CCgwI387DgQYQ2IyzwQI%7C?hl=en-GB,A Google User,103400705022429398438,https://www.google.com/maps/contrib/103400705022429398438?hl=en-GB,1,"Gewoon een oplichter!  Je gaat erheen met 1 onderdeel te vervangen en zodra je weer weg bent gaan er 5 onderdelen kapot. Ze slopen gewoon je auto zodat je weer terug gaat om weer geld neer te leggen. Deze garage bestaat door mensen op te lichten. Ik zou hier ver vandaan blijven. Ook geen auto hier inruilen want de kilometerstanden worden hier gewoon terug gedraaid!!  Waardeloze garage!!

De positieve reacties hier zijn van mensen die nog slapen of bekenden en familie leden",nl,"A total scam! You go there with one part to replace, and as soon as you leave, five parts break. They simply destroy your car so you have to go back and pay more. This garage exists to rip people off. I would stay far away from this place. Don't trade in your car here either, because they just roll back the odometer readings! Worthless garage!

The positive reviews here are from people who are still asleep or from acquaintances and family members.",en,4 years ago,2021-02-20T10:35:02,,,,,https://lh3.googleusercontent.com/a/default-user=s1920,33,12,,[],[],google
ChIJPfWAJG8UuEcRU8EcUh2uTo0,Autohandel Akkol,ChdDSUhNMG9nS0VJQ0FnSURYbl82WjJ3RRAB,https://www.google.com/maps/reviews/data=!4m8!14m7!1m6!2m5!1sChdDSUhNMG9nS0VJQ0FnSURYbl82WjJ3RRAB!2m1!1s0x0:0x8d4eae1d521cc153!3m1!1s2@1:CIHM0ogKEICAgIDXn_6Z2wE%7CCgwIm-aSuQYQ-ODIxQE%7C?hl=en-GB,emre Unal,111361855812666166260,https://www.google.com/maps/contrib/111361855812666166260?hl=en-GB,5,Ik kon zonder afspraak langs komen werd snel geholpen was binnen uurtje klaar.,nl,"I was able to come by without an appointment, was helped quickly and was done within an hour.",en,a year ago,2024-11-01T10:53:15,,,,,https://lh3.googleusercontent.com/a-/ALV-UjU0HjufcrMpqRiyZXs3AwjQTLZ0FfBHNZvLrlzRd50LJOnie4Ux=s1920,4,1,,[],[],google
